3: ['white', 'navel', 'avail', 'stove', 'rigid', 'swill', 'stint', 'cloth', 'csnet', 'intra', 'soupy', 'druid', 'royal', 'rough', 'trade', 'mauve', 'Agnew', 'lager', 'witty', 'usurp', 'soapy', 'proxy', 'vague', 'waxen', 'straw', 'toady', 'evoke', 'topaz', 'total', 'tenth', 'witch', 'spitz', 'inlet', 'stunk', 'vitro', 'flush', 'tight', 'milch', 'smote', 'swamp', 'pewee', 'peter', 'slate', 'plane', 'avert', 'stave', 'vixen', 'cheat', 'rhino', 'Sousa', 'spear', 'quark', 'truce', 'rally', 'prose', 'pansy', 'yearn', 'faith', 'loeil', 'Myron', 'moist', 'trick', 'width', 'cycad', 'ghoul', 'rival', 'write', 'guise', 'Patsy', 'opera', 'pasty', 'phase', 'grind', 'graze', 'rangy', 'viral', 'Steen', 'verse', 'minot', 'stale', 'spool', 'press', 'vicar', 'trite', 'Pluto', 'spent', 'smelt', 'whelp', 'leggy', 'Jules', 'walla', 'Wiley', 'veery', 'tenet', 'caret', 'trend', 'until', 'prune', 'await', 'folic', 'bluet', 'polka', 'angst', 'spiny', 'spire', 'Quinn', 'grass', 'salon', 'loath', 'tipsy', 'layup', 'swiss', 'Vella', 'pygmy', 'shrug', 'gunny', 'filth', 'prove', 'otter', 'razor', 'lycee', 'flour', 'cilia', 'delve', 'south', 'proto', 'swoop', 'worst', 'tower', 'franc', 'sloth', 'sinew', 'tramp', 'spilt', 'blend', 'nylon', 'Pusey', 'Tyson', 'ducat', 'tenor', 'sauna', 'leapt', 'solid', 'dwelt', 'swung', 'slake', 'objet', 'world', 'Basel', 'ovary', 'lewis', 'Gates', 'assay', 'exult', 'liken', 'scram', 'under', 'swipe', 'spill', 'Nubia', 'reave', 'trail', 'envoy', 'ingot', 'spite', 'whose', 'venal', 'Estes', 'forty', 'obese', 'curia', 'tract', 'robot', 'mourn', 'saucy', 'vodka', 'riven', 'swank', 'honky', 'throw', 'rivet', 'pivot', 'finny', 'spunk', 'lurid', 'eight', 'adult', 'treat', 'phlox', 'value', 'Ellis', 'coypu', 'kazoo', 'urban', 'sumac', 'tidal', 'sprig', 'posse', 'cloak', 'visor', 'stunt', 'video', 'grunt', 'tacky', 'azure', 'lousy', 'hydra', 'melee', 'overt', 'risen', 'rilly', 'triad', 'lofty', 'lease', 'Tracy', 'aorta', 'vouch', 'tithe', 'alias', 'assai', 'wishy', 'patch', 'lumpy', 'never', 'feast', 'Haley', 'super', 'twine', 'Klaus', 'krill', 'ovate', 'slash', 'Miles', 'midst', 'squaw', 'sheep', 'coven', 'pussy', 'tatty', 'skeet', 'Yalta', 'Elton', 'Quito', 'stalk', 'smile', 'circa', 'whiff', 'servo', 'torch', 'mucus', 'Verna', 'runic', 'peril', 'churn', 'while', 'local', 'Essex', 'wrack', 'widow', 'Epsom', 'risky', 'papaw', 'motto', 'upend', 'tweed', 'guilt', 'offal', 'phony', 'plait', 'gutsy', 'sisal', 'sedan', 'spoon', 'sunny', 'ounce', 'sally', 'muggy', 'shift', 'aleph', 'mugho', 'debar', 'mayst', 'winch', 'Janet', 'drunk', 'unify', 'carte', 'whole', 'wheel', 'Clyde', 'quake', 'Owens', 'quash', 'totem', 'weave', 'lathe', 'slush', 'haunt', 'tater', 'wacke', 'unity', 'start', 'situs', 'beman', 'spume', 'spate', 'fruit', 'plasm', 'podge', 'pious', 'spoil', 'pulse', 'stein', 'onset', 'bawdy', 'small', 'flout', 'mount', 'oxeye', 'gloss', 'onion', 'sulky', 'spurn', 'ranch', 'suave', 'issue', 'mocha', 'Jacky', 'Elsie', 'turvy', 'bongo', 'horny', 'Mobil', 'dozen', 'tenon', 'remit', 'rouse', 'twain', 'gauss', 'plunk', 'flesh', 'stash', 'Silas', 'basil', 'rifle', 'glide', 'wreck', 'venom', 'lyric', 'vying', 'vinyl', 'OShea', 'thrum', 'order', 'tress', 'toxin', 'Salle', 'erase', 'realm', 'osier', 'spawn', 'alien', 'betel', 'there', 'grata', 'Myers', 'smash', 'whirl', 'cease', 'relic', 'wreak', 'terse', 'viola', 'spark', 'tacit', 'women', 'gases', 'sneer', 'roost', 'lodge', 'verve', 'naked', 'spasm', 'Lares', 'whisk', 'quest', 'gypsy', 'aisle', 'hertz', 'rummy', 'Telex', 'pearl', 'woman', 'qualm', 'spell', 'elate', 'Kyoto', 'twist', 'Susan', 'noisy', 'spare', 'feint', 'vowel', 'unite', 'extra', 'polar', 'talon', 'lingo', 'idyll', 'shant', 'livid', 'Bowen', 'tuple', 'aware', 'setup', 'rodeo', 'valid', 'weber', 'Royce', 'shale', 'coral', 'macaw', 'naval', 'gawky', 'wield', 'inlay', 'strop', 'thatd', 'large', 'sepal', 'viper', 'parka', 'gloat', 'horse', 'wafer', 'torah', 'privy', 'alert', 'apple', 'truly', 'eaten', 'Jolla', 'trawl', 'waist', 'glint', 'forgo', 'adobe', 'naive', 'umbra', 'multi', 'scowl', 'surly', 'wince', 'calyx', 'quota', 'loamy', 'psych', 'Sachs', 'polio', 'sonny', 'curve', 'Betsy', 'Muong', 'beard', 'miser', 'synod', 'Sloan', 'drink', 'omega', 'livre', 'earth', 'meant', 'grown', 'mouth', 'theta', 'ulcer', 'Willa', 'rouge', 'Chloe', 'balsa', 'taunt', 'speed', 'voice', 'Korea', 'porch', 'quail', 'melon', 'might', 'laity', 'sinus', 'exalt', 'Terra', 'hover', 'tawny', 'Yeats', 'stupa', 'Fritz', 'Zaire', 'torus', 'spend', 'usury', 'metal', 'sleek', 'mulch', 'petal', 'Leila', 'vacuo', 'peony', 'worry', 'tilth', 'union', 'Ethan', 'basal', 'lilac', 'route', 'lisle', 'tunic', 'Starr', 'limit', 'later', 'lorry', 'groat', 'loess', 'meson', 'ouzel', 'testy', 'blitz', 'mayor', 'Asher', 'vetch', 'maser', 'speak', 'rhyme', 'kneel', 'arena', 'Cyrus', 'tweak', 'Costa', 'quack', 'point', 'tilde', 'lunar', 'auric', 'rumen', 'knurl', 'askew', 'Sadie', 'taxon', 'withe', 'musky', 'tommy', 'calla', 'grist', 'chert', 'degas', 'octet', 'chevy', 'stump', 'hasnt', 'fatal', 'criss', 'troll', 'monte', 'boson', 'orbit', 'splay', 'taste', 'lossy', 'joust', 'Notre', 'oasis', 'trial', 'messy', 'corps', 'first', 'surge', 'trust', 'rusty', 'irate', 'bream', 'amiss', 'tutor', 'roast', 'goofy', 'laura', 'Trudy', 'ouvre', 'inapt', 'kraut', 'auger', 'heart', 'lasso', 'power', 'hurty', 'silly', 'misty', 'Peale', 'olden', 'pasha', 'usage', 'youre', 'Tyler', 'satin', 'paean', 'dolce', 'rogue', 'quill', 'halve', 'slept', 'amaze', 'title', 'Debra', 'flack', 'weedy', 'rinse', 'dingy', 'Kathy', 'unary', 'spore', 'quote', 'fancy', 'music', 'lithe', 'fungi', 'prism', 'froth', 'wrong', 'quiet', 'withy', 'poesy', 'scour', 'flute', 'whatd', 'login', 'penna', 'surah', 'Bruno', 'leery', 'Julia', 'steak', 'parse', 'peste', 'delay', 'wound', 'supra', 'wring', 'marsh', 'river', 'posey', 'penis', 'copra', 'warty', 'Waals', 'windy', 'sworn', 'query', 'worth', 'chaos', 'mulct', 'Delft', 'snarl', 'quirk', 'umber', 'stoat', 'fault', 'pause', 'savoy', 'urine', 'below', 'yodel', 'photo', 'range', 'Alcoa', 'buteo', 'stole', 'motel', 'slope', 'widen', 'steep', 'sight', 'whore', 'elite', 'kombu', 'detat', 'latch', 'alone', 'Alsop', 'truth', 'altar', 'butyl', 'whorl', 'lotus', 'sperm', 'glory', 'threw', 'crest', 'trunk', 'loose', 'bathe', 'close', 'pupil', 'wholl', 'chant', 'virus', 'tapis', 'squad', 'proud', 'stool', 'rural', 'Lucia', 'xerox', 'would', 'cleat', 'Olson', 'scrim', 'Olsen', 'cycle', 'visit', 'groom', 'tansy', 'sober', 'ladle', 'exist', 'sorry', 'rondo', 'thump', 'spoke', 'psalm', 'trash', 'quart', 'tough', 'ultra', 'gassy', 'shoal', 'crawl', 'vogue', 'lefty', 'burly', 'dwell', 'colon', 'stony', 'grump', 'locus', 'money', 'runny', 'taken', 'ashen', 'flora', 'trout', 'leach', 'ethyl', 'stern', 'slurp', 'hilum', 'hutch', 'panel', 'julep']

7: ['Peggy', 'Faber', 'ferry', 'alibi', 'Josef', 'Rigel', 'blood', 'Bloch', 'Betty', 'bumpy', 'Heine', 'Fermi', 'Baden', 'Pepsi', 'shelf', 'Burke', 'Jesus', 'plaid', 'batch', 'budge', 'dairy', 'Debby', 'Parke', 'addle', 'blade', 'hound', 'booky', 'Boise', 'bleak', 'golly', 'plain', 'hardy', 'bobby', 'belly', 'baste', 'Clare', 'dusty', 'Weiss', 'creek', 'Delia', 'Niger', 'Habib', 'Hyman', 'hater', 'buzzy', 'Brent', 'Allah', 'fuzzy', 'Clark', 'brown', 'stage', 'Sarah', 'Blake', 'Greer', 'Vichy', 'crane', 'Micky', 'Maier', 'Cooke', 'Pratt', 'grace', 'douse', 'booby', 'bundy', 'Laban', 'Sammy', 'daddy', 'blank', 'flair', 'Denny', 'bitch', 'clash', 'Larry', 'Hesse', 'birth', 'bunch', 'flake', 'bully', 'cider', 'Celia', 'bribe', 'Cajun', 'Gavin', 'Haifa', 'bough', 'stagy']

6: ['Bantu', 'Czech', 'Hokan', 'bandy', 'scare', 'bevel', 'Blinn', 'Kline', 'diode', 'David', 'hunch', 'booze', 'tardy', 'Danny', 'fecal', 'Raman', 'hubby', 'Pyrex', 'tribe', 'brawl', 'Donna', 'agone', 'levee', 'Doria', 'Moses', 'Terre', 'Merle', 'Decca', 'allay', 'plank', 'ditty', 'Dugan', 'clone', 'Rhode', 'excel', 'eider', 'Ervin', 'decal', 'scald', 'fauna', 'death', 'canna', 'Hagen', 'Damon', 'Libra', 'Ababa', 'Idaho', 'crown', 'Getty', 'Aides', 'conic', 'grade', 'Diane', 'scoot', 'cubby', 'rebel', 'Angie', 'abash', 'burro', 'Boone', 'agile', 'Mayer', 'Gibbs', 'Saran', 'Frick', 'Derek', 'mercy', 'bloom', 'Koran', 'Rhine', 'craft', 'serif', 'furze', 'Ryder', 'basic', 'Lenny', 'brand', 'begin', 'impel', 'blare', 'Prado', 'Jesse', 'drill', 'cheer', 'brash', 'Dolan', 'crate', 'Nikko', 'Gregg', 'crock', 'Reich', 'Agnes', 'scuff', 'Lyman', 'daffy', 'shake', 'Engel', 'click', 'Emile', 'fight', 'Moore', 'staid', 'Loire', 'brook', 'Rabin', 'erode', 'Yaqui', 'blown', 'clock', 'catch', 'flaky', 'camel', 'Alice', 'flock', 'Carib', 'pride', 'bloke', 'girth', 'Meier', 'score', 'Caine', 'Niobe', 'bowie', 'radii', 'adage', 'Morse', 'magma', 'Teddy', 'broom', 'fifth', 'fatty', 'child', 'flame', 'Hager', 'acute', 'bride', 'Adair', 'Babel', 'Franz', 'ditch', 'Annie', 'hobby', 'thick', 'fudge', 'McGee', 'Alger', 'Dixon', 'drape', 'goose', 'Dobbs', 'taiga', 'penny', 'deign', 'Brock', 'Mafia', 'claim', 'Allan', 'dumpy', 'Eagan', 'Tahoe', 'scarf', 'Malay', 'Kabul', 'Monty', 'sting', 'curry', 'balky', 'cable', 'mommy', 'Gould', 'blimp', 'tinny', 'Huron', 'fusty', 'biddy', 'Buena', 'Zeiss', 'track', 'shame', 'Leigh', 'thief', 'Lopez', 'curse', 'cinch', 'cough', 'Eaton', 'stoke', 'crone', 'stock', 'house', 'Nobel', 'Verdi', 'Bragg', 'Dhabi', 'flank', 'blame', 'Angus', 'libel', 'Lowry', 'Papua', 'Bronx', 'blink', 'flash', 'rocky', 'Wendy', 'model', 'bland', 'stork', 'Acton', 'chuck', 'shock', 'Allen', 'clear', 'stake', 'Kajar', 'mater', 'align', 'jelly', 'Amoco', 'dully', 'scout', 'brain', 'bebop', 'caste', 'creed', 'Hanna', 'evade', 'shell', 'Nepal', 'Bambi', 'brace', 'harry', 'Emery', 'block', 'gamma', 'Lilly', 'mania', 'abuse', 'Dubhe', 'cooky', 'fairy', 'Seoul', 'Jorge', 'glade', 'Vicky', 'bract', 'stuck', 'Chang', 'bench', 'Kiowa', 'tapir', 'slice', 'Latin', 'crept', 'Andes', 'tepee', 'fence', 'Brett', 'junky', 'spice', 'Arlen', 'gamin', 'expel', 'Bator', 'Dylan', 'creep', 'Canis', 'taffy', 'drank', 'beach', 'Hades', 'jolly', 'medal', 'mound', 'Davis', 'Eddie', 'Craig', 'Pauli', 'drift', 'jerry', 'leafy']

4: ['poach', 'kudzu', 'terry', 'index', 'dally', 'Ethel', 'clump', 'thine', 'above', 'hying', 'perch', 'spade', 'glans', 'idiot', 'lying', 'sheer', 'gully', 'caulk', 'knead', 'clang', 'scant', 'sheet', 'aloof', 'medic', 'didnt', 'dowel', 'tango', 'stile', 'Waite', 'smoke', 'ditto', 'flint', 'frown', 'inter', 'Shiva', 'mynah', 'Libya', 'lanky', 'giddy', 'barge', 'other', 'Timon', 'torso', 'horde', 'canny', 'grove', 'skirt', 'Potts', 'Burma', 'leave', 'calve', 'epoxy', 'jimmy', 'Ising', 'holly', 'lucre', 'shunt', 'pinto', 'biota', 'Edith', 'gauze', 'cotta', 'Bette', 'exact', 'rever', 'satan', 'hadnt', 'berne', 'ideal', 'hondo', 'whine', 'toxic', 'felon', 'Thule', 'price', 'bring', 'lipid', 'giant', 'given', 'metro', 'fraud', 'silky', 'Upton', 'frond', 'brief', 'swami', 'Congo', 'neath', 'Leona', 'troop', 'fjord', 'retch', 'larva', 'shave', 'geese', 'habit', 'bourn', 'Burch', 'bacon', 'phyla', 'gonad', 'briny', 'downy', 'hodge', 'myrrh', 'tibia', 'elute', 'Menlo', 'grain', 'gnarl', 'china', 'liven', 'sheaf', 'prong', 'Titus', 'spook', 'novel', 'sushi', 'crypt', 'ought', 'Buick', 'craze', 'miaow', 'Euler', 'drake', 'stank', 'taper', 'cairn', 'tally', 'mangy', 'hyena', 'molal', 'Titan', 'whack', 'Orono', 'spiky', 'punch', 'album', 'stead', 'Parsi', 'lucid', 'match', 'seven', 'clank', 'Aesop', 'final', 'Paoli', 'annum', 'slunk', 'nifty', 'Cecil', 'kinky', 'Lotte', 'mezzo', 'twirl', 'dense', 'iliac', 'bulge', 'junta', 'panty', 'emcee', 'Marie', 'harsh', 'crime', 'Saxon', 'peaky', 'label', 'renal', 'gnash', 'Dacca', 'rowdy', 'Jukes', 'store', 'perky', 'gamut', 'Hausa', 'hough', 'sheen', 'flung', 'handy', 'ruddy', 'Allyn', 'thumb', 'mooch', 'etude', 'tonic', 'phage', 'ileum', 'Foote', 'monad', 'genre', 'thorn', 'Susie', 'endow', 'birch', 'gloom', 'dream', 'today', 'shown', 'cynic', 'rainy', 'black', 'Helen', 'Wayne', 'Dirac', 'chart', 'peace', 'ripen', 'Waldo', 'brave', 'queue', 'fussy', 'alder', 'cosec', 'occur', 'macro', 'hogan', 'runty', 'Riggs', 'hinge', 'snell', 'extol', 'minus', 'Mazda', 'gorse', 'sound', 'aloft', 'ledge', 'broad', 'micro', 'known', 'nasty', 'Egypt', 'actor', 'divan', 'amort', 'begat', 'Malta', 'shish', 'juice', 'parry', 'strut', 'guest', 'McKay', 'passe', 'heave', 'gruff', 'kiosk', 'snafu', 'Piotr', 'plaza', 'lobar', 'Lydia', 'tepid', 'chine', 'lance', 'Artie', 'anent', 'carve', 'woody', 'beset', 'nroff', 'dulse', 'radon', 'ocean', 'equip', 'infer', 'olive', 'human', 'Topsy', 'lurch', 'Punic', 'bonus', 'glove', 'evict', 'poise', 'crust', 'Romeo', 'gluey', 'Rubin', 'robin', 'sepia', 'cause', 'Cathy', 'sidle', 'dealt', 'focal', 'skill', 'brute', 'decoy', 'embed', 'honey', 'lapel', 'crore', 'cubit', 'tempt', 'Marcy', 'Sybil', 'slime', 'skein', 'murky', 'cadet', 'chase', 'argot', 'ebony', 'Doris', 'learn', 'brunt', 'Gorky', 'revel', 'Haney', 'vivid', 'paper', 'April', 'Wotan', 'bogey', 'Poole', 'sibyl', 'Milan', 'Marco', 'Kirby', 'slosh', 'stuff', 'arose', 'snail', 'rater', 'focus', 'septa', 'loris', 'motif', 'demit', 'Daley', 'crass', 'prima', 'purse', 'float', 'shawl', 'began', 'Draco', 'sugar', 'lynch', 'beast', 'spine', 'goody', 'rutty', 'spree', 'snipe', 'speck', 'Riley', 'sharp', 'depth', 'Yoder', 'primp', 'dogma', 'elude', 'cigar', 'Elgin', 'flown', 'weigh', 'pinch', 'stark', 'story', 'light', 'Astor', 'ratio', 'shove', 'heavy', 'pence', 'scuba', 'Lethe', 'exude', 'snoop', 'Rhoda', 'colic', 'filet', 'prude', 'Cindy', 'guild', 'broth', 'filch', 'Accra', 'shako', 'paste', 'twice', 'gimpy', 'amass', 'facto', 'nitty', 'randy', 'thank', 'rabat', 'daisy', 'Yukon', 'civet', 'Irwin', 'trump', 'petri', 'mossy', 'senor', 'queer', 'built', 'adopt', 'paint', 'shyly', 'still', 'ethos', 'Orion', 'serve', 'gourd', 'boggy', 'Russo', 'foray', 'event', 'quell', 'Bosch', 'Errol', 'Lucas', 'baggy', 'forum', 'spray', 'husky', 'prexy', 'Italy', 'Deneb', 'arrow', 'havoc', 'state', 'Syria', 'Lanka', 'glaze', 'ninth', 'Devon', 'snare', 'bayou', 'laugh', 'whoop', 'glean', 'stung', 'codon', 'Vinci', 'hymen', 'chain', 'croon', 'opium', 'prone', 'canal', 'grill', 'helix', 'tizzy', 'wormy', 'trace', 'admix', 'curie', 'boric', 'spout', 'arhat', 'genus', 'baron', 'error', 'patty', 'chink', 'Injun', 'gizmo', 'sigma', 'gross', 'cameo', 'bossy', 'abide', 'panic', 'shrub', 'Blatz', 'gaunt', 'ohmic', 'Sylow', 'elver', 'notch', 'place', 'sever', 'Delhi', 'Tiber', 'singe', 'agree', 'teeth', 'mural', 'fling', 'Sault', 'dress', 'cumin', 'Inman', 'cozen', 'scrub', 'adieu', 'Muzak', 'mince', 'pecan', 'knack', 'oxbow', 'hoard', 'their', 'Bizet', 'crush', 'crisp', 'chalk', 'Ogden', 'proof', 'infix', 'mitre', 'dingo', 'carne', 'orate', 'grimy', 'dowry', 'serge', 'Spica', 'Medea', 'fetal', 'frost', 'chore', 'buret', 'Isaac', 'alloy', 'Adele', 'piano', 'essay', 'snore', 'bicep', 'these', 'douce', 'piety', 'smart', 'which', 'padre', 'friar', 'kraft', 'steed', 'coast', 'ascii', 'Santo', 'cotty', 'nonce', 'regal', 'timid', 'bleed', 'court', 'right', 'waken', 'rupee', 'posit', 'Joyce', 'mylar', 'fluid', 'crank', 'belle', 'Paine', 'Alton', 'scaly', 'Wilma', 'elect', 'Texas', 'cover', 'aloha', 'maria', 'Cobol', 'cramp', 'ankle', 'afire', 'kapok', 'jumbo', 'spurt', 'diary', 'bigot', 'Hindu', 'carol', 'limbo', 'rheum', 'mushy', 'meaty', 'siren', 'where', 'Essen', 'Pabst', 'crack', 'Kirov', 'Hiatt', 'magic', 'Sepoy', 'estop', 'shiny', 'atoll', 'junco', 'droop', 'Sykes', 'motet', 'carob', 'smack', 'alpha', 'smear', 'fresh', 'Greta', 'plead', 'Priam', 'tooth', 'sonic', 'Berra', 'guard', 'Oscar', 'Tunis', 'Huber', 'weary', 'plump', 'blind', 'hurry', 'Virgo', 'solar', 'Julio', 'chose', 'U.S.A', 'ketch', 'coset', 'Wolff', 'afoot', 'Osaka', 'Jones', 'touch', 'lemon', 'pouch', 'hippy', 'array', 'donor', 'Mateo', 'Ghent', 'alive', 'Turin', 'gravy', 'mange', 'three', 'juror', 'Zomba', 'Stahl', 'Freud', 'quirt', 'gauge', 'Tanya', 'smith', 'gusto', 'igloo', 'weird', 'Busch', 'Tudor', 'whelm', 'reign', 'emacs', 'aside', 'Aruba', 'bosom', 'lumen', 'moldy', 'lucky', 'corny', 'xenon', 'cocoa', 'Pedro', 'taboo', 'Sturm', 'scamp', 'grant', 'Levin', 'Assam', 'Aires', 'noble', 'Wyeth', 'Solon', 'moron', 'allyl', 'fleck', 'morel', 'mixup', 'inset', 'ready', 'petty', 'tense', 'novae', 'amber', 'hefty', 'molar', 'musty', 'Xhosa', 'feces', 'parch', 'inert', 'flunk', 'thing', 'shaky', 'nodal', 'doubt', 'grasp', 'great', 'hello', 'hydro', 'mould', 'sappy', 'Pease', 'preen', 'joint', 'sixty', 'aerie', 'folio', 'blurt', 'comma', 'roomy', 'blush', 'typic', 'logic', 'milky', 'agate', 'pupal', 'strip', 'Galen', 'scops', 'Keats', 'thong', 'peepy', 'manse', 'Anglo', 'swain', 'prize', 'Carla', 'freak', 'chasm', 'Paris', 'rapid', 'burnt', 'quern', 'pooch', 'Sinai', 'howdy', 'acorn', 'Loren', 'Carlo', 'buggy', 'Roman', 'edify', 'Merck', 'thigh', 'grave', 'niece', 'gouge', 'demon', 'Duane', 'mecum', 'Byron', 'third', 'Freya', 'truck', 'skimp', 'Pliny', 'Porto', 'itchy', 'swine', 'depot', 'awoke', 'carry', 'merge', 'dicta', 'boost', 'brink', 'flirt', 'among', 'sport', 'quick', 'anvil', 'mason', 'groin', 'mummy', 'sniff', 'bassi', 'beaux', 'canto', 'foyer', 'Burtt', 'incur', 'croak', 'angry', 'Algol', 'ridge', 'queen', 'arent', 'mealy', 'Patti', 'Drury', 'Vaduz', 'ember', 'kulak', 'salad', 'drive', 'aroma', 'Pusan', 'Dakar', 'check', 'wharf', 'nudge', 'taint', 'swish', 'Scott', 'tonal', 'Kruse', 'smirk', 'Islam', 'floor', 'podia', 'ample', 'roach', 'phone', 'prank', 'tempo', 'maybe', 'Ayers', 'leech', 'sooth', 'fiche', 'chest', 'idiom', 'picky', 'sword', 'gauzy', 'fiend', 'okapi', 'boyar', 'front', 'crump', 'cross', 'fount', 'humus', 'squid', 'prowl', 'shrew', 'Fiske', 'halma', 'gorge', 'ether', 'adapt', 'annex', 'Emily', 'luger', 'heard', 'pappy', 'sprue', 'purge', 'Dewey', 'India', 'gumbo', 'movie', 'humid', 'teach', 'tinge', 'burst', 'Foley', 'soggy', 'lever', 'merit', 'modem', 'byway', 'lemma', 'stoop', 'minor', 'ozone', 'genie', 'forte', 'monic', 'McCoy', 'snark', 'annoy', 'scaup', 'Grady', 'awake', 'Krebs', 'sough', 'petit', 'greet', 'culpa', 'Claus', 'refer', 'filly', 'shard', 'ivory', 'Cowan', 'aloud', 'lymph', 'hilly', 'loyal', 'bleat', 'Klein', 'cavil', 'plume', 'gavel', 'pitch', 'quite', 'scale', 'strum', 'bison', 'irony', 'pupae', 'snuff', 'piggy', 'anger', 'lunch', 'Sioux', 'dryad', 'guile', 'derby', 'chirp', 'glyph', 'scold', 'argon', 'shaft', 'break', 'slink', 'staph', 'demur', 'Timex', 'Haydn', 'Janus', 'Aries', 'Midas', 'media', 'stray', 'begun', 'dwarf', 'Fuchs', 'nerve', 'radio', 'funny', 'cobra', 'theyd', 'freon', 'Kenya', 'Wyner', 'quaff', 'knick', 'Lagos', 'kodak', 'Dwyer', 'belch', 'party', 'audit', 'crude', 'heron', 'sneak', 'Seton', 'chief', 'abode', 'Wolfe', 'chill', 'arson', 'verge', 'drool', 'trans', 'thyme', 'hoagy', 'dewar', 'minim', 'faery', 'Walsh', 'shire', 'panda', 'neigh', 'decor', 'inept', 'seedy', 'pluck', 'slang', 'Khmer', 'knoll', 'Mario', 'guess', 'gummy', 'khaki', 'Synge', 'Rufus', 'basis', 'Doyle', 'epoch', 'bliss', 'vacua', 'snowy', 'Bible', 'covet', 'newel', 'abase', 'pique', 'Paula', 'scope', 'attic', 'field', 'elegy', 'strap', 'snout', 'raven', 'knife', 'inure', 'sonar', 'uncle', 'abbas', 'Regis', 'scorn', 'sloop', 'berth', 'stair', 'poppy', 'chewy', 'elfin', 'chive', 'glass', 'fetus', 'those', 'Aztec', 'bless', 'ghost', 'nadir', 'grout', 'awful', 'tiger', 'throb', 'Bryce', 'gulch', 'augur', 'Erich', 'butch', 'skate', 'llama', 'Nancy', 'Chile', 'clasp', 'gunky', 'James', 'cloud', 'Akers', 'piece', 'chunk', 'bruit', 'often', 'meter', 'karma', 'cabin', 'pithy', 'Selma', 'Braun', 'moral', 'Brest', 'brisk', 'Jeres', 'chump', 'amply', 'chaff', 'atone', 'north', 'stood', 'Lloyd', 'Tokyo', 'laden', 'odium', 'hotel', 'amity', 'Byrne', 'crazy', 'dance', 'mango', 'anise', 'Della', 'Plato', 'puppy', 'reedy', 'guano', 'jowly', 'rotor', 'elide', 'vigil', 'Evans', 'octal', 'cluck', 'mousy', 'axiom', 'pushy', 'organ', 'snook', 'cleft', 'drama', 'brush', 'toddy', 'Scala', 'Alvin', 'stiff', 'grail', 'Pecos', 'charm', 'manor', 'seamy', 'Garth', 'harem', 'cabal', 'clout', 'Moser', 'comic', 'nawab', 'drawn', 'samba', 'group', 'fishy', 'devil', 'skull', 'OHare', 'nomad', 'smoky', 'about', 'gable', 'squat', 'labia', 'chute', 'Elena', 'niche', 'radar', 'every', 'truss', 'aegis', 'foist', 'koala', 'smite', 'haiku', 'foggy', 'colza', 'fever', 'ethic', 'Gouda', 'Katie', 'Jonas', 'topic', 'nymph', 'Giles', 'noose', 'beryl', 'snort', 'optic', 'Allis', 'digit', 'drupe', 'crowd', 'round', 'alarm', 'tecum', 'Stacy', 'befit', 'offer', 'prior']

5: ['drown', 'whelk', 'gator', 'gnome', 'Mizar', 'brine', 'march', 'forth', 'twill', 'Abram', 'sedge', 'Louis', 'Janos', 'grebe', 'coupe', 'Minos', 'apron', 'Fanny', 'hippo', 'stink', 'debut', 'anion', 'Helga', 'breve', 'fetid', 'spoof', 'pedal', 'boast', 'Tamil', 'Locke', 'Meyer', 'level', 'brick', 'merry', 'Dinah', 'shred', 'droll', 'quint', 'Maine', 'Argus', 'Kafka', 'cream', 'couch', 'dolly', 'Hanoi', 'cress', 'growl', 'daunt', 'mambo', 'cowry', 'slack', 'Marty', 'clerk', 'Genoa', 'pizza', 'POBox', 'Goren', 'stack', 'Verne', 'amble', 'skulk', 'agave', 'hedge', 'credo', 'scoff', 'begot', 'month', 'pampa', 'coyly', 'Brice', 'Simon', 'haven', 'slung', 'Aiken', 'Edwin', 'gusty', 'dross', 'Crete', 'braid', 'Ceres', 'Linda', 'borax', 'prick', 'Kumar', 'Saudi', 'Diego', 'batik', 'talky', 'fluff', 'entry', 'apart', 'Steve', 'blanc', 'Bruce', 'clomp', 'briar', 'Mecca', 'Boyce', 'Hiram', 'chafe', 'erect', 'Negro', 'Avery', 'Macon', 'agony', 'Lange', 'needy', 'botch', 'haste', 'Dietz', 'sense', 'equal', 'munch', 'hooch', 'lunge', 'amend', 'jazzy', 'input', 'fiery', 'grand', 'Qatar', 'cheek', 'Grimm', 'Floyd', 'sabra', 'Moyer', 'Deere', 'dusky', 'shoot', 'Agway', 'madam', 'Edgar', 'Nixon', 'Meiji', 'dandy', 'Flynn', 'clink', 'study', 'clown', 'radix', 'skiff', 'Japan', 'cheap', 'Minsk', 'tripe', 'force', 'Abner', 'adept', 'peach', 'wordy', 'Brady', 'happy', 'Barth', 'crash', 'Aleck', 'Linus', 'hovel', 'femur', 'Shari', 'shape', 'choir', 'juicy', 'apply', 'shirt', 'beige', 'Missy', 'kelly', 'Irene', 'manic', 'candy', 'argue', 'Nehru', 'shank', 'crook', 'Hobbs', 'ionic', 'slain', 'larch', 'bugle', 'cacti', 'Wylie', 'Cyril', 'chard', 'Addis', 'baton', 'egret', 'Karol', 'oaken', 'caddy', 'Runge', 'Felix', 'stain', 'Ellen', 'clung', 'Baird', 'elder', 'booty', 'eject', 'grate', 'plumb', 'bonze', 'prime', 'marry', 'Leone', 'brant', 'Roger', 'tarry', 'class', 'empty', 'macho', 'count', 'auxin', 'stomp', 'Lamar', 'sling', 'scoop', 'slide', 'cache', 'clime', 'wedge', 'lemur', 'penal', 'champ', 'shall', 'magna', 'Durer', 'drain', 'Ecole', 'Ernie', 'train', 'since', 'Karen', 'chomp', 'Heinz', 'flail', 'clamp', 'heady', 'curio', 'algal', 'moody', 'Eliot', 'Judas', 'Berea', 'spike', 'Effie', 'pixel', 'Luzon', 'gaudy', 'Honda', 'frail', 'cacao', 'stoic', 'Irvin', 'stand', 'aural', 'Emory', 'crimp', 'storm', 'gaffe', 'award', 'abyss', 'caper', 'trill', 'playa', 'Mardi', 'Hayes', 'coney', 'Ernst', 'avoid', 'enter', 'dizzy', 'jumpy', 'showy', 'geode', 'chide', 'chair', 'Circe', 'belie', 'dodge', 'Elmer', 'scarp', 'build', 'Ralph', 'jiffy', 'mamma', 'Verde', 'angle', 'drone', 'Hetty', 'Welch', 'stamp', 'Hamal', 'repel', 'chick', 'stare', 'manna', 'Hague', 'jenny', 'audio', 'crony', 'noise', 'Kevin', 'Coors', 'acrid', 'Erwin', 'bogus', 'cedar', 'chord', 'Maori', 'creak', 'green', 'Jason', 'dirge', 'Jacob', 'beech', 'scrap', 'clove', 'elbow', 'Beebe', 'awash', 'natty', 'stone', 'Tioga', 'hairy', 'bushy', 'Magog', 'hyper', 'shady', 'fugue', 'booth', 'scion', 'Doric', 'balmy', 'rooky', 'Exxon', 'gripe', 'jewel', 'foamy', 'Fargo', 'amide', 'cagey', 'Rosen', 'board', 'eager', 'Margo', 'flare', 'bunny', 'Graff', 'moose', 'DARPA', 'fetch', 'Deane', 'crepe', 'Santa', 'heath', 'greed', 'erupt', 'Payne', 'bravo', 'globe', 'ahead', 'Amman', 'image', 'Gabon', 'shone', 'pagan', 'drove', 'canon', 'shack', 'Porte', 'drawl', 'frank', 'flick', 'slimy', 'eagle', 'graph', 'Keyes', 'Logan', 'kerry', 'slick', 'grope', 'groan', 'shark', 'peppy', 'finch', 'Omaha', 'Clara', 'billy', 'grime', 'oxide', 'Glenn', 'shine', 'TOEFL', 'cadre', 'shout', 'Pablo', 'Ozark', 'dunce', 'pound', 'codex', 'breed', 'bread', 'cargo', 'Norma', 'bedim', 'Tampa', 'abort', 'Vogel', 'Biggs', 'Spain', 'Erato', 'share', 'comet', 'buxom', 'hence', 'abbot', 'axial', 'muddy', 'arise', 'abbey', 'snick', 'fully', 'crumb', 'sixth', 'banjo', 'sheik', 'eerie', 'decay', 'Yemen', 'shirk', 'McKee', 'Carey', 'glare', 'Cupid', 'Corey', 'puree', 'hasty', 'exile', 'befog', 'Cairo', 'banal', 'tangy', 'dirty', 'choke', 'Naomi', 'stick', 'forge', 'Lykes', 'Ilona', 'Andre', 'probe', 'space', 'Faust', 'harpy', 'modal', 'shear', 'antic', 'cliff', 'dying', 'edict', 'hazel', 'rabbi', 'Siena', 'Iliad', 'moire', 'Casey', 'Croix', 'abate', 'frill', 'fifty', 'ODell', 'faint', 'farad', 'frock', 'seder', 'lobby', 'maxim', 'Dixie', 'coach', 'canoe', 'eucre', 'blurb', 'debit', 'Spiro', 'hitch', 'Novak', 'Brian', 'naiad', 'grape', 'kappa', 'Raoul', 'dummy', 'algae', 'chess', 'scull', 'jerky', 'henry', 'genii', 'Adler', 'mouse', 'beget', 'admit', 'Haiti', 'brass', 'Dutch', 'stout', 'imbue', 'conch', 'debug', 'datum', 'joule', 'Swede', 'cruel', 'scalp', 'bezel', 'heigh', 'agent', 'Iraqi', 'flask', 'puffy', 'funky', 'NAACP', 'Akron', 'linen', 'abhor', 'grief', 'Utica', 'butte', 'Eldon', 'chime', 'Arden', 'swing', 'shook', 'infra', 'Anton', 'Perle', 'broil', 'tread', 'sandy', 'blunt', 'boron', 'Irish', 'degum', 'think', 'Jaime', 'smell', 'draft', 'Cabot', 'Simla', 'putty', 'civil', 'anode', 'Aaron', 'scene', 'Wyman', 'major', 'guide', 'print', 'deuce', 'troff', 'Cohen', 'clean', 'Sudan', 'inane', 'slump', 'Knott', 'Mabel', 'theme', 'judge', 'chuff', 'civic', 'bowel', 'Samoa', 'tying', 'leaky', 'Boyle', 'Hurst', 'shoji', 'skunk', 'sieve', 'Texan', 'binge', 'being', 'bloop', 'Goode', 'deter', 'motor', 'night', 'mimic', 'amuse', 'filmy', 'legal', 'amino', 'Cuzco', 'Venus', 'snack', 'Volvo', 'Bayda', 'fable', 'aback', 'Becky', 'hatch', 'Hindi', 'alike', 'blond', 'monel', 'deify', 'murre', 'tippy', 'exert', 'rabid', 'cling', 'Caleb', 'short', 'Chris', 'gecko', 'again', 'Ampex', 'Wuhan', 'beady', 'chock', 'bylaw', 'bluff', 'Levis', 'Hines', 'aphid', 'fugal', 'graft', 'could', 'elope', 'badge', 'kitty', 'patio', 'Clint', 'Bryan', 'Sofia', 'dread', 'shill', 'Indus', 'gibby', 'Alden', 'froze', 'Boris', 'punky', 'defer', 'Keith', 'Cetus', 'lolly', 'gland', 'cubic', 'croft', 'Paulo', 'Knapp', 'Ruben', 'Armco', 'bloat', 'spicy', 'Ghana', 'Horus', 'Fahey', 'chili', 'diety', 'Miami', 'fluke', 'basin', 'Moran', 'Gemma', 'leper', 'Strom', 'annul', 'barre', 'flood', 'Leeds', 'Alamo', 'Henri', 'allow', 'nurse', 'dough', 'Dante', 'adorn', 'climb', 'Vance', 'Marin', 'Engle', 'Julie', 'basso', 'Ponce', 'affix', 'deity', 'Reese', 'adore', 'tappa', 'davit', 'Perez', 'furry', 'Diana', 'gleam', 'mirth', 'Araby', 'enemy', 'snake', 'annal', 'paddy', 'shore', 'scary', 'liana', 'farce', 'Mavis', 'token', 'shuck', 'beret', 'flyer', 'reach', 'scent', 'Anita', 'frame', 'Bella', 'baldy', 'Enoch', 'Norse', 'shade', 'decry', 'screw', 'siege', 'serum', 'Wyatt', 'Nolan', 'midge', 'brake', 'Lenin', 'knock', 'borne', 'Creon', 'feign', 'beefy', 'along', 'Clive', 'pater', 'Healy', 'amigo', 'rajah', 'brood', 'seize', 'Leroy', 'crave', 'bilge', 'avian', 'blaze', 'Perth', 'Kidde']

2: ['latex', 'vital', 'waltz', 'lusty', 'atlas', 'swore', 'theft', 'zazen', 'islet', 'swear', 'plush', 'zilch', 'towel', 'wispy', 'veldt', 'swirl', 'yeast', 'young', 'false', 'owlet', 'upset', 'easel', 'blest', 'fleet', 'ester', 'youll', 'utter', 'stilt', 'sweep', 'swarm', 'sully', 'saute', 'tasty', 'washy', 'youve', 'vomit', 'yucca', 'zloty', 'louse', 'asset', 'syrup', 'sauce', 'toast', 'table', 'watch', 'wacky', 'saint', 'salvo', 'water', 'Volta', 'salty', 'utile', 'sleet', 'talus', 'tulip', 'wasnt', 'woven', 'xylem', 'vista', 'valet', 'slant', 'steel', 'trait', 'tibet', 'savvy', 'yacht', 'ravel', 'aspen', 'zesty', 'slave', 'wrath', 'eclat', 'pleat', 'worse', 'gules', 'sweet', 'wally', 'leash', 'styli', 'oases', 'swath', 'papal', 'Yates', 'yield', 'salve', 'swelt', 'splat', 'facet', 'latus', 'blast', 'waive', 'alley', 'split', 'sleep', 'plant', 'zebra', 'style', 'Salem', 'sulfa', 'pilot', 'matte', 'lapse', 'polis', 'swift', 'usher', 'swell', 'plate', 'least', 'Tulsa', 'suite', 'tease', 'delta', 'villa', 'palsy', 'youth', 'nasal', 'somal', 'maple', 'stall', 'usual', 'vocal', 'swart', 'knelt', 'raise', 'natal', 'solve', 'welsh', 'sable', 'whale', 'Holst', 'vault', 'valve', 'wolve', 'alter', 'steer', 'steam', 'angel', 'silty', 'tulle', 'velar', 'wrote', 'quasi', 'yokel', 'vitae', 'sweat', 'steal', 'versa', 'quilt', 'waste', 'allot', 'satyr', 'fovea', 'aster', 'wheat', 'wrist', 'elves', 'wrest', 'swept']

8: ['Greek', 'Benny', 'cocky', 'bulky', 'Blair', 'Geigy', 'found', 'Garry', 'buddy', 'broke', 'Bauer', 'berry', 'Duffy', 'staff', 'Fitch', 'folly', 'eater']

9: ['Darry', 'Perry', 'bound', 'dater', 'Molly']

10: ['Barry', 'Colby', 'cater', 'Gerry', 'Percy']

False: ['bater']

